{
	"player1": "bf",
	"player2": "pico",
	"notes": [
		{
			"sectionNotes": [],
			"sectionBeats": 4,
			"mustHitSection": true
		},
		{
			"sectionNotes": [],
			"sectionBeats": 4,
			"mustHitSection": true
		},
		{
			"sectionNotes": [
				[2914.28564, 6, 0],
				[3085.71436, 4, 0],
				[3428.57129, 5, 257.142857142857],
				[3771.42847, 7, 171.428571428571]
			],
			"sectionBeats": 4,
			"mustHitSection": false
		},
		{
			"sectionNotes": [
				[4285.71436, 6, 0],
				[4457.14258, 4, 0],
				[4800, 5, 257.142857142857],
				[5142.857, 7, 171.428571428571]
			],
			"sectionBeats": 4,
			"mustHitSection": false
		},
		{
			"sectionNotes": [
				[5657.14258, 6, 0],
				[5828.57129, 4, 0],
				[6171.42871, 5, 257.142857142857],
				[6514.28564, 7, 171.428571428571]
			],
			"sectionBeats": 4,
			"mustHitSection": false
		},
		{
			"sectionNotes": [
				[6857.14285714286, 4, 0],
				[7028.57129, 7, 0],
				[7200, 6, 0],
				[7542.857, 6, 0],
				[7885.71436, 4, 0],
				[8057.14258, 4, 0]
			],
			"sectionBeats": 4,
			"mustHitSection": false
		},
		{
			"sectionNotes": [
				[8400, 2, 0],
				[8571.429, 0, 0],
				[8914.285, 1, 257.142857142857],
				[9257.143, 3, 171.428571428571]
			],
			"sectionBeats": 4,
			"mustHitSection": true
		},
		{
			"sectionNotes": [
				[9771.429, 2, 0],
				[9942.857, 0, 0],
				[10285.7139, 1, 257.142857142857],
				[10628.5713, 3, 171.428571428571]
			],
			"sectionBeats": 4,
			"mustHitSection": true
		},
		{
			"sectionNotes": [
				[11142.8574, 2, 0],
				[11314.2852, 0, 0],
				[11657.1426, 1, 257.142857142857],
				[12000, 3, 171.428571428571]
			],
			"sectionBeats": 4,
			"mustHitSection": true
		},
		{
			"sectionNotes": [
				[12342.8574, 0, 0],
				[12514.2852, 3, 0],
				[12685.7139, 2, 0],
				[13028.5713, 2, 0],
				[13371.4287, 0, 0]
			],
			"sectionBeats": 4,
			"mustHitSection": true
		},
		{
			"sectionNotes": [
				[13885.7139, 6, 0],
				[14057.1426, 4, 0],
				[14400, 4, 0],
				[14742.8574, 7, 0],
				[14914.2852, 5, 0]
			],
			"sectionBeats": 4,
			"mustHitSection": false
		},
		{
			"sectionNotes": [
				[15257.1426, 7, 0],
				[15428.5713, 4, 0],
				[15771.4287, 6, 0],
				[16114.2852, 4, 0],
				[16285.7139, 5, 0]
			],
			"sectionBeats": 4,
			"mustHitSection": false
		},
		{
			"sectionNotes": [
				[16628.57, 4, 0],
				[16800, 5, 0],
				[16971.4277, 7, 0],
				[17142.8574, 5, 0],
				[17314.2852, 4, 0],
				[17485.7148, 5, 0],
				[17657.1426, 7, 0],
				[17742.8574, 4, 0]
			],
			"sectionBeats": 4,
			"mustHitSection": false
		},
		{
			"sectionNotes": [
				[17828.5714285714, 7, 0],
				[18000, 7, 0],
				[18171.4277, 5, 0],
				[18514.2852, 6, 0],
				[18857.1426, 6, 0],
				[19028.57, 7, 0]
			],
			"sectionBeats": 4,
			"mustHitSection": false
		},
		{
			"sectionNotes": [
				[19371.4277, 2, 0],
				[19542.8574, 0, 0],
				[19885.7148, 0, 0],
				[20228.57, 3, 0],
				[20400, 1, 0]
			],
			"sectionBeats": 4,
			"mustHitSection": true
		},
		{
			"sectionNotes": [
				[20742.8574, 3, 0],
				[20914.2852, 0, 0],
				[21257.1426, 2, 0],
				[21600, 0, 0],
				[21771.4277, 1, 0]
			],
			"sectionBeats": 4,
			"mustHitSection": true
		},
		{
			"sectionNotes": [
				[22114.2852, 0, 0],
				[22285.7148, 1, 0],
				[22457.1426, 3, 0],
				[22628.57, 1, 0],
				[22800, 0, 0],
				[22971.4277, 1, 0],
				[23142.8574, 3, 0],
				[23228.57, 0, 0]
			],
			"sectionBeats": 4,
			"mustHitSection": true
		},
		{
			"sectionNotes": [
				[23314.2857142857, 3, 0],
				[23485.7148, 3, 0],
				[23657.1426, 1, 0],
				[24000, 2, 0],
				[24342.8574, 2, 0],
				[24514.2852, 3, 0]
			],
			"sectionBeats": 4,
			"mustHitSection": true
		},
		{
			"sectionNotes": [
				[24685.7148, 6, 0],
				[24857.1426, 6, 0],
				[25028.57, 4, 0],
				[25371.4277, 4, 0],
				[25714.2852, 7, 0],
				[25885.7148, 5, 0]
			],
			"sectionBeats": 4,
			"mustHitSection": false
		},
		{
			"sectionNotes": [
				[26228.57, 7, 0],
				[26400, 4, 0],
				[26742.8574, 6, 0],
				[27085.7148, 4, 0],
				[27257.1426, 5, 0]
			],
			"sectionBeats": 4,
			"mustHitSection": false
		},
		{
			"sectionNotes": [
				[27600, 4, 0],
				[27771.4277, 5, 0],
				[27942.8574, 7, 0],
				[28114.2852, 5, 0],
				[28285.7148, 4, 0],
				[28457.1426, 5, 0],
				[28628.57, 7, 0],
				[28714.2852, 4, 0]
			],
			"sectionBeats": 4,
			"mustHitSection": false
		},
		{
			"sectionNotes": [
				[28800, 7, 0],
				[28971.4277, 7, 0],
				[29142.8574, 5, 0],
				[29485.7148, 6, 0],
				[29828.57, 6, 0],
				[30000, 7, 0]
			],
			"sectionBeats": 4,
			"mustHitSection": false
		},
		{
			"sectionNotes": [
				[30171.4285714286, 2, 0],
				[30342.8574, 2, 0],
				[30514.2852, 0, 0],
				[30857.1426, 0, 0],
				[31200, 3, 0],
				[31371.4277, 1, 0]
			],
			"sectionBeats": 4,
			"mustHitSection": true
		},
		{
			"sectionNotes": [
				[31714.2852, 3, 0],
				[31885.7148, 0, 0],
				[32228.57, 2, 0],
				[32571.4277, 0, 0],
				[32742.8574, 1, 0]
			],
			"sectionBeats": 4,
			"mustHitSection": true
		},
		{
			"sectionNotes": [
				[33085.7148, 0, 0],
				[33257.14, 1, 0],
				[33428.57, 3, 0],
				[33600, 1, 0],
				[33771.43, 0, 0],
				[33942.8555, 1, 0],
				[34114.2852, 3, 0],
				[34200, 0, 0]
			],
			"sectionBeats": 4,
			"mustHitSection": true
		},
		{
			"sectionNotes": [
				[34285.7148, 3, 0],
				[34457.14, 3, 0],
				[34628.57, 1, 0],
				[34971.43, 2, 0],
				[35314.2852, 2, 0],
				[35485.7148, 3, 0]
			],
			"sectionBeats": 4,
			"mustHitSection": true
		},
		{
			"sectionNotes": [
				[35657.1428571429, 6, 0],
				[35828.57, 7, 0],
				[36000, 5, 0],
				[36171.43, 4, 0],
				[36342.8555, 6, 0],
				[36514.2852, 7, 0],
				[36685.7148, 4, 0],
				[36857.14, 7, 0]
			],
			"sectionBeats": 4,
			"mustHitSection": false
		},
		{
			"sectionNotes": [
				[37028.5714285714, 6, 0],
				[37200, 7, 0],
				[37371.43, 6, 0],
				[37542.8555, 4, 0],
				[37714.2852, 6, 0],
				[37885.7148, 7, 0],
				[38057.14, 4, 0],
				[38228.57, 5, 0]
			],
			"sectionBeats": 4,
			"mustHitSection": false
		},
		{
			"sectionNotes": [
				[38400, 6, 0],
				[38571.43, 7, 0],
				[38742.8555, 5, 0],
				[38914.2852, 4, 0],
				[39085.7148, 6, 0],
				[39257.14, 7, 0],
				[39428.57, 4, 0],
				[39600, 7, 0]
			],
			"sectionBeats": 4,
			"mustHitSection": false
		},
		{
			"sectionNotes": [
				[39771.43, 6, 0],
				[39942.8555, 7, 0],
				[40114.2852, 6, 0],
				[40285.7148, 4, 0],
				[40457.14, 6, 0],
				[40628.57, 7, 0],
				[40800, 4, 0],
				[40971.43, 4, 0]
			],
			"sectionBeats": 4,
			"mustHitSection": false
		},
		{
			"sectionNotes": [
				[41142.8571428572, 2, 0],
				[41314.2852, 3, 0],
				[41485.7148, 1, 0],
				[41657.14, 0, 0],
				[41828.57, 2, 0],
				[42000, 3, 0],
				[42171.43, 0, 0],
				[42342.8555, 3, 0]
			],
			"sectionBeats": 4,
			"mustHitSection": true
		},
		{
			"sectionNotes": [
				[42514.2857142857, 2, 0],
				[42685.7148, 3, 0],
				[42857.14, 2, 0],
				[43028.57, 0, 0],
				[43200, 2, 0],
				[43371.43, 3, 0],
				[43542.8555, 0, 0],
				[43714.2852, 1, 0]
			],
			"sectionBeats": 4,
			"mustHitSection": true
		},
		{
			"sectionNotes": [
				[43885.7148, 2, 0],
				[44057.14, 3, 0],
				[44228.57, 1, 0],
				[44400, 0, 0],
				[44571.43, 2, 0],
				[44742.8555, 3, 0],
				[44914.2852, 0, 0],
				[45085.7148, 3, 0]
			],
			"sectionBeats": 4,
			"mustHitSection": true
		},
		{
			"sectionNotes": [
				[45257.1428571429, 2, 0],
				[45428.57, 3, 0],
				[45600, 2, 0],
				[45771.43, 0, 0],
				[45942.8555, 2, 0],
				[46114.2852, 3, 0],
				[46285.7148, 0, 0],
				[46457.14, 0, 0]
			],
			"sectionBeats": 4,
			"mustHitSection": true
		},
		{
			"sectionNotes": [
				[46628.5714285714, 6, 0],
				[46800, 7, 0],
				[46971.43, 5, 0],
				[47142.8555, 4, 0],
				[47314.2852, 6, 0],
				[47485.7148, 7, 0],
				[47657.14, 4, 0],
				[47828.57, 7, 0]
			],
			"sectionBeats": 4,
			"mustHitSection": false
		},
		{
			"sectionNotes": [
				[48000, 6, 0],
				[48171.43, 7, 0],
				[48342.8555, 6, 0],
				[48514.2852, 4, 0],
				[48685.7148, 6, 0],
				[48857.14, 7, 0],
				[49028.57, 4, 0],
				[49200, 4, 0]
			],
			"sectionBeats": 4,
			"mustHitSection": false
		},
		{
			"sectionNotes": [
				[49371.43, 6, 0],
				[49542.8555, 7, 0],
				[49714.2852, 5, 0],
				[49885.7148, 4, 0],
				[50057.14, 6, 0],
				[50228.57, 7, 0],
				[50400, 4, 0],
				[50571.43, 7, 0]
			],
			"sectionBeats": 4,
			"mustHitSection": false
		},
		{
			"sectionNotes": [
				[50742.8571428572, 6, 0],
				[50914.2852, 7, 0],
				[51085.7148, 6, 0],
				[51257.14, 4, 0],
				[51428.57, 6, 0],
				[51600, 7, 0],
				[51771.43, 4, 0],
				[51942.8555, 4, 0]
			],
			"sectionBeats": 4,
			"mustHitSection": false
		},
		{
			"sectionNotes": [
				[52114.2857142857, 2, 0],
				[52285.7148, 3, 0],
				[52457.14, 1, 0],
				[52628.57, 0, 0],
				[52800, 2, 0],
				[52971.43, 3, 0],
				[53142.8555, 0, 0],
				[53314.2852, 3, 0]
			],
			"sectionBeats": 4,
			"mustHitSection": true
		},
		{
			"sectionNotes": [
				[53485.7148, 2, 0],
				[53657.14, 3, 0],
				[53828.57, 2, 0],
				[54000, 0, 0],
				[54171.43, 2, 0],
				[54342.8555, 3, 0],
				[54514.2852, 0, 0],
				[54685.7148, 0, 0]
			],
			"sectionBeats": 4,
			"mustHitSection": true
		},
		{
			"sectionNotes": [
				[54857.1428571429, 2, 0],
				[55028.57, 3, 0],
				[55200, 1, 0],
				[55371.43, 0, 0],
				[55542.8555, 2, 0],
				[55714.2852, 3, 0],
				[55885.7148, 0, 0],
				[56057.14, 3, 0]
			],
			"sectionBeats": 4,
			"mustHitSection": true
		},
		{
			"sectionNotes": [
				[56228.5714285714, 2, 0],
				[56400, 3, 0],
				[56571.43, 2, 0],
				[56742.8555, 0, 0],
				[56914.2852, 2, 0],
				[57085.7148, 3, 0],
				[57257.14, 0, 0],
				[57428.57, 0, 0]
			],
			"sectionBeats": 4,
			"mustHitSection": true
		},
		{
			"sectionNotes": [
				[57600, 7, 0],
				[57771.43, 7, 0],
				[57942.8555, 5, 0],
				[58114.2852, 5, 0],
				[58285.7148, 6, 0],
				[58457.14, 6, 0],
				[58800, 4, 0]
			],
			"sectionBeats": 4,
			"mustHitSection": false
		},
		{
			"sectionNotes": [
				[58971.43, 6, 0],
				[59142.8555, 7, 0],
				[59228.57, 4, 0],
				[59314.2852, 7, 0],
				[59485.7148, 7, 0],
				[59657.14, 6, 0],
				[59828.57, 4, 0],
				[60000, 4, 0],
				[60171.43, 5, 0]
			],
			"sectionBeats": 4,
			"mustHitSection": false
		},
		{
			"sectionNotes": [
				[60342.8571428572, 7, 0],
				[60514.2852, 7, 0],
				[60600, 4, 0],
				[60685.7148, 7, 0],
				[60857.14, 5, 0],
				[61028.57, 6, 0],
				[61200, 6, 0],
				[61371.43, 4, 0],
				[61542.8555, 4, 0]
			],
			"sectionBeats": 4,
			"mustHitSection": false
		},
		{
			"sectionNotes": [
				[61714.2857142857, 6, 0],
				[61885.7148, 7, 0],
				[62057.14, 4, 0],
				[62228.57, 7, 0],
				[62400, 6, 0],
				[62742.8555, 5, 0],
				[62914.2852, 7, 0]
			],
			"sectionBeats": 4,
			"mustHitSection": false
		},
		{
			"sectionNotes": [
				[63085.7148, 3, 0],
				[63257.14, 3, 0],
				[63428.57, 1, 0],
				[63600, 1, 0],
				[63771.43, 2, 0],
				[63942.8555, 2, 0],
				[64285.7148, 0, 0]
			],
			"sectionBeats": 4,
			"mustHitSection": true
		},
		{
			"sectionNotes": [
				[64457.1428571429, 2, 0],
				[64628.57, 3, 0],
				[64714.2852, 0, 0],
				[64800, 3, 0],
				[64971.43, 3, 0],
				[65142.8555, 2, 0],
				[65314.2852, 0, 0],
				[65485.7148, 0, 0],
				[65657.14, 1, 0]
			],
			"sectionBeats": 4,
			"mustHitSection": true
		},
		{
			"sectionNotes": [
				[65828.5714285714, 3, 0],
				[66000, 3, 0],
				[66085.71, 0, 0],
				[66171.43, 3, 0],
				[66342.86, 1, 0],
				[66514.28, 2, 0],
				[66685.71, 2, 0],
				[66857.14, 0, 0],
				[67028.57, 0, 0]
			],
			"sectionBeats": 4,
			"mustHitSection": true
		},
		{
			"sectionNotes": [
				[67200, 2, 0],
				[67371.43, 3, 0],
				[67542.86, 0, 0],
				[67714.28, 3, 0],
				[67885.71, 2, 0],
				[68228.57, 1, 0],
				[68400, 3, 0]
			],
			"sectionBeats": 4,
			"mustHitSection": true
		},
		{
			"sectionNotes": [
				[68571.43, 6, 0],
				[68914.28, 5, 0],
				[69085.71, 7, 0],
				[69257.14, 6, 0],
				[69600, 5, 0],
				[69771.43, 7, 0]
			],
			"sectionBeats": 4,
			"mustHitSection": false
		},
		{
			"sectionNotes": [
				[69942.86, 4, 0],
				[70114.28, 7, 0],
				[70285.71, 5, 0],
				[70457.14, 7, 0],
				[70628.57, 6, 0],
				[70971.43, 6, 0],
				[71142.86, 6, 0]
			],
			"sectionBeats": 4,
			"mustHitSection": false
		},
		{
			"sectionNotes": [
				[71314.2857142857, 7, 0],
				[71485.71, 5, 0],
				[71657.14, 4, 0],
				[71828.57, 7, 0],
				[72000, 6, 0],
				[72342.86, 4, 0],
				[72514.28, 4, 0]
			],
			"sectionBeats": 4,
			"mustHitSection": false
		},
		{
			"sectionNotes": [
				[72685.7142857143, 7, 0],
				[72857.14, 7, 0],
				[73028.57, 6, 0],
				[73200, 4, 0],
				[73371.43, 6, 0],
				[73542.86, 7, 0],
				[73714.28, 4, 0],
				[73885.71, 5, 0]
			],
			"sectionBeats": 4,
			"mustHitSection": false
		},
		{
			"sectionNotes": [
				[74057.1428571428, 2, 0],
				[74400, 1, 0],
				[74571.43, 3, 0],
				[74742.86, 2, 0],
				[75085.71, 1, 0],
				[75257.14, 3, 0]
			],
			"sectionBeats": 4,
			"mustHitSection": true
		},
		{
			"sectionNotes": [
				[75428.5714285714, 0, 0],
				[75600, 3, 0],
				[75771.43, 1, 0],
				[75942.86, 3, 0],
				[76114.28, 2, 0],
				[76457.14, 2, 0],
				[76628.57, 2, 0]
			],
			"sectionBeats": 4,
			"mustHitSection": true
		},
		{
			"sectionNotes": [
				[76800, 3, 0],
				[76971.43, 1, 0],
				[77142.86, 0, 0],
				[77314.28, 3, 0],
				[77485.71, 2, 0],
				[77828.57, 0, 0],
				[78000, 0, 0]
			],
			"sectionBeats": 4,
			"mustHitSection": true
		},
		{
			"sectionNotes": [
				[78171.43, 3, 0],
				[78342.86, 3, 0],
				[78514.28, 2, 0],
				[78685.71, 0, 0],
				[78857.14, 2, 0],
				[79028.57, 3, 0],
				[79200, 0, 0],
				[79371.43, 1, 0]
			],
			"sectionBeats": 4,
			"mustHitSection": true
		},
		{
			"sectionNotes": [
				[79542.86, 6, 0],
				[79714.28, 7, 0],
				[79885.71, 5, 0],
				[80057.14, 4, 0],
				[80228.57, 6, 0],
				[80400, 7, 0],
				[80571.43, 4, 0],
				[80742.86, 7, 0]
			],
			"sectionBeats": 4,
			"mustHitSection": false
		},
		{
			"sectionNotes": [
				[80914.2857142857, 6, 0],
				[81085.71, 7, 0],
				[81257.14, 6, 0],
				[81428.57, 4, 0],
				[81600, 6, 0],
				[81771.43, 7, 0],
				[81942.86, 4, 0],
				[82114.28, 4, 0]
			],
			"sectionBeats": 4,
			"mustHitSection": false
		},
		{
			"sectionNotes": [
				[82285.7142857142, 6, 0],
				[82457.14, 7, 0],
				[82628.57, 5, 0],
				[82800, 4, 0],
				[82971.43, 6, 0],
				[83142.86, 7, 0],
				[83314.28, 4, 0],
				[83485.71, 7, 0]
			],
			"sectionBeats": 4,
			"mustHitSection": false
		},
		{
			"sectionNotes": [
				[83657.1428571428, 6, 0],
				[83828.57, 7, 0],
				[84000, 6, 0],
				[84171.43, 4, 0],
				[84342.86, 6, 0],
				[84514.28, 7, 0],
				[84685.71, 4, 0],
				[84857.14, 4, 0]
			],
			"sectionBeats": 4,
			"mustHitSection": false
		},
		{
			"sectionNotes": [
				[85028.5714285714, 2, 0],
				[85200, 3, 0],
				[85371.43, 1, 0],
				[85542.86, 0, 0],
				[85714.28, 2, 0],
				[85885.71, 3, 0],
				[86057.14, 0, 0],
				[86228.57, 3, 0]
			],
			"sectionBeats": 4,
			"mustHitSection": true
		},
		{
			"sectionNotes": [
				[86400, 2, 0],
				[86571.43, 3, 0],
				[86742.86, 2, 0],
				[86914.28, 0, 0],
				[87085.71, 2, 0],
				[87257.14, 3, 0],
				[87428.57, 0, 0],
				[87600, 0, 0]
			],
			"sectionBeats": 4,
			"mustHitSection": true
		},
		{
			"sectionNotes": [
				[87771.43, 2, 0],
				[87942.86, 3, 0],
				[88114.28, 1, 0],
				[88285.71, 0, 0],
				[88457.14, 2, 0],
				[88628.57, 3, 0],
				[88800, 0, 0],
				[88971.43, 3, 0]
			],
			"sectionBeats": 4,
			"mustHitSection": true
		},
		{
			"sectionNotes": [
				[89142.86, 2, 0],
				[89314.28, 3, 0],
				[89485.71, 2, 0],
				[89657.14, 0, 0],
				[89828.57, 2, 0],
				[90000, 3, 0],
				[90171.43, 0, 0],
				[90342.86, 0, 0]
			],
			"sectionBeats": 4,
			"mustHitSection": true
		},
		{
			"sectionNotes": [
				[90514.2857142856, 1, 0]
			],
			"sectionBeats": 4,
			"mustHitSection": true
		},
		{
			"sectionNotes": [],
			"sectionBeats": 4,
			"mustHitSection": true
		},
		{
			"sectionNotes": [],
			"sectionBeats": 4,
			"mustHitSection": true
		},
		{
			"sectionNotes": [],
			"sectionBeats": 4,
			"mustHitSection": true
		},
		{
			"sectionNotes": [],
			"sectionBeats": 4,
			"mustHitSection": true
		},
		{
			"sectionNotes": [],
			"sectionBeats": 4,
			"mustHitSection": true
		},
		{
			"sectionNotes": [],
			"sectionBeats": 4,
			"mustHitSection": true
		}
	],
	"gfVersion": "gf",
	"events": [
		[
			0,
			[
				["ProxTitle", "Philly Nice", "5"]
			]
		],
		[
			3.57142857142857,
			[
				["FlashScreen", "FFFFF", ""]
			]
		],
		[
			2693.57142857143,
			[
				["FlashScreen", "FFFFF", ""]
			]
		],
		[
			4285.71428571429,
			[
				["FlashScreen", "FFFFF", ""]
			]
		],
		[
			5657.14285714286,
			[
				["FlashScreen", "FFFFF", ""]
			]
		],
		[
			7885.71428571429,
			[
				["FlashScreen", "FFFFF", ""]
			]
		],
		[
			8057.14285714286,
			[
				["FlashScreen", "FFFFF", ""]
			]
		],
		[
			8400,
			[
				["FlashScreen", "FFFFF", ""]
			]
		],
		[
			9771.42857142857,
			[
				["FlashScreen", "FFFFF", ""]
			]
		],
		[
			11142.8571428571,
			[
				["FlashScreen", "FFFFF", ""]
			]
		],
		[
			13371.4285714286,
			[
				["FlashScreen", "FFFFF", ""]
			]
		],
		[
			13542.8571428571,
			[
				["FlashScreen", "FFFFF", ""]
			]
		],
		[
			20142.8571428571,
			[
				["FlashScreen", "FFFFF", ""]
			]
		],
		[
			22542.8571428571,
			[
				["FlashScreen", "FFFFF", ""]
			]
		],
		[
			24771.4285714286,
			[
				["FlashScreen", "FFFFF", ""]
			]
		],
		[
			26914.2857142857,
			[
				["FlashScreen", "FFFFF", ""]
			]
		],
		[
			28028.5714285714,
			[
				["FlashScreen", "FFFFF", ""]
			]
		],
		[
			29742.8571428571,
			[
				["FlashScreen", "FFFFF", ""]
			]
		],
		[
			31114.2857142857,
			[
				["FlashScreen", "FFFFF", ""]
			]
		],
		[
			32142.8571428571,
			[
				["FlashScreen", "FFFFF", ""]
			]
		],
		[
			33257.1428571429,
			[
				["FlashScreen", "FFFFF", ""]
			]
		],
		[
			35314.2857142857,
			[
				["FlashScreen", "FFFFF", ""]
			]
		],
		[
			52114.2857142857,
			[
				["FlashScreen", "FFFFF", ""]
			]
		],
		[
			53485.7142857143,
			[
				["FlashScreen", "FFFFF", ""]
			]
		],
		[
			54857.1428571429,
			[
				["FlashScreen", "FFFFF", ""]
			]
		],
		[
			55714.2857142857,
			[
				["Change Scroll Speed", "1.4", "0.20"]
			]
		],
		[
			56228.5714285714,
			[
				["FlashScreen", "FFFFF", ""]
			]
		],
		[
			57600,
			[
				["FakeMiddleScroll", "1", ""]
			]
		],
		[
			57603.5714285714,
			[
				["FlashScreen", "FFFFF", ""]
			]
		],
		[
			57942.8571428572,
			[
				["FlashScreen", "FFFFF", ""]
			]
		],
		[
			58542.8571428572,
			[
				["FlashScreen", "FFFFF", ""]
			]
		],
		[
			59400,
			[
				["FlashScreen", "FFFFF", ""]
			]
		],
		[
			60000,
			[
				["FlashScreen", "FFFFF", ""]
			]
		],
		[
			60942.8571428572,
			[
				["FlashScreen", "FFFFF", ""]
			]
		],
		[
			61457.1428571429,
			[
				["FlashScreen", "FFFFF", ""]
			]
		],
		[
			62228.5714285715,
			[
				["FlashScreen", "FFFFF", ""]
			]
		],
		[
			63428.5714285715,
			[
				["FlashScreen", "FFFFF", ""]
			]
		],
		[
			64114.2857142857,
			[
				["FlashScreen", "FFFFF", ""]
			]
		],
		[
			64800,
			[
				["FlashScreen", "FFFFF", ""]
			]
		],
		[
			65314.2857142857,
			[
				["FlashScreen", "FFFFF", ""]
			]
		],
		[
			66085.7142857143,
			[
				["FlashScreen", "FFFFF", ""]
			]
		],
		[
			66514.2857142857,
			[
				["FlashScreen", "FFFFF", ""]
			]
		],
		[
			67371.4285714286,
			[
				["FlashScreen", "FFFFF", ""]
			]
		],
		[
			68057.1428571429,
			[
				["FlashScreen", "FFFFF", ""]
			]
		],
		[
			68828.5714285714,
			[
				["FlashScreen", "FFFFF", ""]
			]
		],
		[
			69600,
			[
				["FlashScreen", "FFFFF", ""]
			]
		],
		[
			70285.7142857143,
			[
				["FlashScreen", "FFFFF", ""]
			]
		],
		[
			70971.4285714286,
			[
				["FlashScreen", "FFFFF", ""]
			]
		],
		[
			71657.1428571429,
			[
				["FlashScreen", "FFFFF", ""]
			]
		],
		[
			72342.8571428571,
			[
				["FlashScreen", "FFFFF", ""]
			]
		],
		[
			73028.5714285714,
			[
				["FlashScreen", "FFFFF", ""]
			]
		],
		[
			73714.2857142857,
			[
				["FlashScreen", "FFFFF", ""]
			]
		],
		[
			74400,
			[
				["FlashScreen", "FFFFF", ""]
			]
		],
		[
			75171.4285714286,
			[
				["FlashScreen", "FFFFF", ""]
			]
		],
		[
			75942.8571428571,
			[
				["FlashScreen", "FFFFF", ""]
			]
		],
		[
			77314.2857142857,
			[
				["FlashScreen", "FFFFF", ""]
			]
		],
		[
			78514.2857142857,
			[
				["Change Scroll Speed", "1", "0.029"]
			]
		],
		[
			78771.4285714285,
			[
				["FlashScreen", "FFFFF", ""]
			]
		],
		[
			79485.7142857142,
			[
				["FlashScreen", "FFFFF", ""]
			]
		],
		[
			79489.2857142857,
			[
				["FakeMiddleScroll", "0", ""]
			]
		],
		[
			90514.2857142856,
			[
				["HideHUD", "1", ""]
			]
		],
		[
			90519.6428571428,
			[
				["FlashScreen", "FFFFF", ""]
			]
		]
	],
	"song": "Philly Nice",
	"stage": "philly",
	"needsVoices": false,
	"format": "psych_v1_convert",
	"speed": 2.6,
	"bpm": 175
}