{
	"player1": "bf",
	"player2": "pico",
	"notes": [
		{
			"sectionBeats": 4,
			"sectionNotes": [],
			"mustHitSection": true
		},
		{
			"sectionBeats": 4,
			"sectionNotes": [],
			"mustHitSection": true
		},
		{
			"sectionBeats": 4,
			"sectionNotes": [],
			"mustHitSection": true
		},
		{
			"sectionBeats": 4,
			"sectionNotes": [],
			"mustHitSection": true
		},
		{
			"sectionBeats": 4,
			"sectionNotes": [],
			"mustHitSection": true
		},
		{
			"sectionBeats": 4,
			"sectionNotes": [],
			"mustHitSection": true
		},
		{
			"sectionBeats": 4,
			"sectionNotes": [],
			"mustHitSection": true
		},
		{
			"sectionBeats": 4,
			"sectionNotes": [],
			"mustHitSection": true
		},
		{
			"sectionBeats": 4,
			"sectionNotes": [
				[11818.1816, 5, 0],
				[12000, 7, 0],
				[12181.8184, 4, 0],
				[12363.6367, 4, 0],
				[12545.4541, 5, 0],
				[12727.2725, 7, 181.818181818182]
			],
			"mustHitSection": false
		},
		{
			"sectionBeats": 4,
			"sectionNotes": [
				[13090.9092, 6, 0],
				[13272.7275, 4, 0],
				[13454.5449, 6, 0],
				[13636.3633, 7, 0],
				[13727.2725, 4, 0],
				[13818.1816, 7, 0],
				[14000, 7, 0],
				[14181.8184, 5, 0]
			],
			"mustHitSection": false
		},
		{
			"sectionBeats": 4,
			"sectionNotes": [
				[14727.2725, 5, 0],
				[14909.0908, 7, 0],
				[15090.9092, 4, 0],
				[15272.7275, 4, 0],
				[15454.5449, 5, 0],
				[15636.3633, 7, 0],
				[15818.1816, 6, 0]
			],
			"mustHitSection": false
		},
		{
			"sectionBeats": 4,
			"sectionNotes": [
				[16000, 7, 0],
				[16181.8184, 5, 90.9090909090909],
				[16363.6357, 7, 0],
				[16545.4551, 6, 0],
				[16727.2734, 5, 90.9090909090909],
				[16909.09, 7, 0],
				[17090.9082, 5, 181.818181818182]
			],
			"mustHitSection": false
		},
		{
			"sectionBeats": 4,
			"sectionNotes": [
				[17636.3633, 1, 0],
				[17818.1816, 3, 0],
				[18000, 0, 0],
				[18181.8184, 0, 0],
				[18363.6367, 1, 0],
				[18545.4551, 3, 181.818181818182]
			],
			"mustHitSection": true
		},
		{
			"sectionBeats": 4,
			"sectionNotes": [
				[18909.0909090909, 2, 0],
				[19090.9082, 0, 0],
				[19272.7266, 2, 0],
				[19454.5449, 3, 0],
				[19545.4551, 0, 0],
				[19636.3633, 3, 0],
				[19818.1816, 3, 0],
				[20000, 1, 0]
			],
			"mustHitSection": true
		},
		{
			"sectionBeats": 4,
			"sectionNotes": [
				[20545.4551, 1, 0],
				[20727.2734, 3, 0],
				[20909.09, 0, 0],
				[21090.9082, 0, 0],
				[21272.7266, 1, 0],
				[21454.5449, 3, 0],
				[21636.3633, 2, 0]
			],
			"mustHitSection": true
		},
		{
			"sectionBeats": 4,
			"sectionNotes": [
				[21818.1818181818, 3, 0],
				[22000, 1, 90.9090909090909],
				[22181.8184, 3, 0],
				[22363.6367, 2, 0],
				[22545.4551, 1, 90.9090909090909],
				[22727.2734, 3, 0],
				[22909.09, 1, 181.818181818182]
			],
			"mustHitSection": true
		},
		{
			"sectionBeats": 4,
			"sectionNotes": [
				[23454.5449, 6, 0],
				[23636.3633, 7, 0],
				[23818.1816, 7, 0],
				[24000, 6, 0],
				[24181.8184, 4, 0],
				[24363.6367, 7, 0],
				[24545.4551, 5, 0]
			],
			"mustHitSection": false
		},
		{
			"sectionBeats": 4,
			"sectionNotes": [
				[24727.2734, 7, 0],
				[24909.09, 5, 0],
				[25090.9082, 4, 0],
				[25272.7266, 5, 0],
				[25454.5449, 6, 0],
				[25636.3633, 7, 0],
				[25818.1816, 4, 0],
				[26000, 5, 0]
			],
			"mustHitSection": false
		},
		{
			"sectionBeats": 4,
			"sectionNotes": [
				[26363.6367, 6, 0],
				[26545.4551, 7, 0],
				[26727.2734, 7, 0],
				[26909.09, 5, 0],
				[27090.9082, 4, 0],
				[27272.7266, 7, 0],
				[27454.5449, 6, 0]
			],
			"mustHitSection": false
		},
		{
			"sectionBeats": 4,
			"sectionNotes": [
				[27636.3636363636, 7, 0],
				[27818.1816, 4, 0],
				[28000, 5, 0],
				[28181.8184, 5, 0],
				[28363.6367, 7, 0],
				[28545.4551, 6, 0],
				[28727.2715, 4, 0],
				[28909.09, 5, 0]
			],
			"mustHitSection": false
		},
		{
			"sectionBeats": 4,
			"sectionNotes": [
				[29272.7266, 2, 0],
				[29454.5449, 3, 0],
				[29636.3633, 3, 0],
				[29818.1816, 2, 0],
				[30000, 0, 0],
				[30181.8184, 3, 0],
				[30363.6367, 1, 0]
			],
			"mustHitSection": true
		},
		{
			"sectionBeats": 4,
			"sectionNotes": [
				[30545.4551, 3, 0],
				[30727.2715, 1, 0],
				[30909.09, 0, 0],
				[31090.9082, 1, 0],
				[31272.7266, 2, 0],
				[31454.5449, 3, 0],
				[31636.3633, 0, 0],
				[31818.1816, 1, 0]
			],
			"mustHitSection": true
		},
		{
			"sectionBeats": 4,
			"sectionNotes": [
				[32181.8184, 2, 0],
				[32363.6367, 3, 0],
				[32545.4551, 3, 0],
				[32727.2715, 1, 0],
				[32909.09, 0, 0],
				[33090.91, 3, 0],
				[33272.7266, 2, 0]
			],
			"mustHitSection": true
		},
		{
			"sectionBeats": 4,
			"sectionNotes": [
				[33454.5469, 3, 0],
				[33636.3633, 0, 0],
				[33818.18, 1, 0],
				[34000, 1, 0],
				[34181.8164, 3, 0],
				[34363.6367, 2, 0],
				[34545.4531, 0, 0],
				[34727.2734, 1, 0]
			],
			"mustHitSection": true
		},
		{
			"sectionBeats": 4,
			"sectionNotes": [
				[35090.91, 4, 0],
				[35272.7266, 6, 181.818181818182],
				[35636.3633, 7, 0],
				[35818.18, 7, 0],
				[36000, 5, 272.727272727273]
			],
			"mustHitSection": false
		},
		{
			"sectionBeats": 4,
			"sectionNotes": [
				[36363.6367, 6, 181.818181818182],
				[36727.2734, 7, 0],
				[37090.91, 6, 0],
				[37454.5469, 4, 0],
				[37636.3633, 7, 0]
			],
			"mustHitSection": false
		},
		{
			"sectionBeats": 4,
			"sectionNotes": [
				[38000, 4, 0],
				[38181.8164, 6, 181.818181818182],
				[38545.4531, 7, 0],
				[38727.2734, 7, 0],
				[38909.09, 5, 272.727272727273]
			],
			"mustHitSection": false
		},
		{
			"sectionBeats": 4,
			"sectionNotes": [
				[39272.7272727273, 4, 272.727272727273],
				[39636.3633, 5, 0],
				[40000, 7, 0],
				[40090.91, 7, 0],
				[40181.8164, 5, 0],
				[40363.6367, 6, 0],
				[40545.4531, 7, 0]
			],
			"mustHitSection": false
		},
		{
			"sectionBeats": 4,
			"sectionNotes": [
				[40909.09, 0, 0],
				[41090.91, 2, 181.818181818182],
				[41454.5469, 3, 0],
				[41636.3633, 3, 0],
				[41818.18, 1, 272.727272727273]
			],
			"mustHitSection": true
		},
		{
			"sectionBeats": 4,
			"sectionNotes": [
				[42181.8181818182, 2, 181.818181818182],
				[42545.4531, 3, 0],
				[42909.09, 2, 0],
				[43272.7266, 0, 0],
				[43454.5469, 3, 0]
			],
			"mustHitSection": true
		},
		{
			"sectionBeats": 4,
			"sectionNotes": [
				[43818.18, 0, 0],
				[44000, 2, 181.818181818182],
				[44363.6367, 3, 0],
				[44545.4531, 3, 0],
				[44727.2734, 1, 272.727272727273]
			],
			"mustHitSection": true
		},
		{
			"sectionBeats": 4,
			"sectionNotes": [
				[45090.91, 0, 272.727272727273],
				[45454.5469, 1, 0],
				[45818.18, 3, 0],
				[45909.09, 3, 0],
				[46000, 1, 0],
				[46181.8164, 2, 0],
				[46363.6367, 3, 0]
			],
			"mustHitSection": true
		},
		{
			"sectionBeats": 4,
			"sectionNotes": [
				[46545.4545454546, 6, 0],
				[46545.4545454546, 4, 0],
				[46727.2727272727, 5, 0],
				[46727.2734, 4, 0],
				[46909.09, 7, 0],
				[47090.91, 5, 0],
				[47181.8164, 7, 0],
				[47272.7266, 5, 0],
				[47454.5454545455, 7, 0],
				[47454.5469, 4, 0],
				[47636.3633, 5, 0],
				[47636.3636363637, 6, 0],
				[47818.18, 4, 0]
			],
			"mustHitSection": false
		},
		{
			"sectionBeats": 4,
			"sectionNotes": [
				[48000, 6, 0],
				[48000, 4, 0],
				[48181.8164, 6, 0],
				[48181.8181818182, 7, 0],
				[48363.6367, 7, 0],
				[48545.4531, 6, 0],
				[48727.2734, 5, 0],
				[48909.09, 4, 0],
				[49000, 5, 0],
				[49090.91, 4, 0],
				[49272.7266, 4, 0]
			],
			"mustHitSection": false
		},
		{
			"sectionBeats": 4,
			"sectionNotes": [
				[49454.5454545455, 6, 0],
				[49454.5469, 7, 0],
				[49636.3633, 7, 0],
				[49636.3636363637, 5, 0],
				[49818.18, 7, 0],
				[49818.1818181818, 4, 0],
				[50000, 6, 0],
				[50000, 5, 0],
				[50090.91, 4, 0],
				[50181.8164, 6, 0],
				[50363.6367, 4, 0],
				[50545.4531, 4, 0],
				[50545.4545454546, 7, 0],
				[50727.2727272727, 5, 0],
				[50727.2734, 4, 0]
			],
			"mustHitSection": false
		},
		{
			"sectionBeats": 4,
			"sectionNotes": [
				[50909.0909090909, 4, 0],
				[50909.0909090909, 6, 0],
				[51090.91, 4, 0],
				[51272.7266, 7, 0],
				[51454.5469, 7, 0],
				[51636.3633, 6, 0],
				[51818.18, 4, 0],
				[52000, 6, 0],
				[52181.8164, 7, 0],
				[52181.8181818182, 5, 0]
			],
			"mustHitSection": false
		},
		{
			"sectionBeats": 4,
			"sectionNotes": [
				[52363.6363636364, 2, 0],
				[52363.6367, 0, 0],
				[52545.4531, 0, 0],
				[52545.4545454546, 3, 0],
				[52727.2727272727, 1, 0],
				[52727.2734, 3, 0],
				[52909.09, 1, 0],
				[53000, 3, 0],
				[53090.91, 1, 0],
				[53272.7266, 0, 0],
				[53272.7272727273, 3, 0],
				[53454.5454545455, 2, 0],
				[53454.5469, 1, 0],
				[53636.3633, 0, 0],
				[53636.3636363637, 1, 0]
			],
			"mustHitSection": true
		},
		{
			"sectionBeats": 4,
			"sectionNotes": [
				[53818.1818181818, 2, 0],
				[54000, 2, 0],
				[54181.8164, 3, 0],
				[54181.8181818182, 0, 0],
				[54363.6363636364, 3, 0],
				[54363.6367, 2, 0],
				[54545.4531, 1, 0],
				[54727.2734, 0, 0],
				[54818.18, 1, 0],
				[54818.1818181818, 3, 0],
				[54909.09, 0, 0],
				[55090.9090909091, 2, 0],
				[55090.91, 0, 0]
			],
			"mustHitSection": true
		},
		{
			"sectionBeats": 4,
			"sectionNotes": [
				[55272.7272727273, 3, 0],
				[55272.7272727273, 1, 0],
				[55454.5454545455, 0, 0],
				[55454.5469, 3, 0],
				[55636.3633, 3, 0],
				[55636.3636363637, 2, 0],
				[55818.18, 2, 0],
				[55909.09, 0, 0],
				[56000, 2, 0],
				[56181.8164, 5, 0],
				[56181.8164, 0, 0],
				[56363.6363636364, 3, 0],
				[56363.6367, 4, 0],
				[56363.6367, 0, 0],
				[56545.4531, 4, 0],
				[56545.4531, 0, 0],
				[56545.4545454546, 2, 0]
			],
			"mustHitSection": true
		},
		{
			"sectionBeats": 4,
			"sectionNotes": [
				[56727.2727272728, 1, 0],
				[56727.2734, 7, 0],
				[56727.2734, 0, 0],
				[56909.09, 7, 0],
				[56909.09, 0, 0],
				[56909.0909090909, 3, 0],
				[57090.91, 6, 0],
				[57090.91, 3, 0],
				[57272.7266, 7, 0],
				[57272.7266, 3, 0],
				[57454.543, 6, 272.727272727273],
				[57454.543, 2, 0],
				[57636.3633, 0, 0],
				[57818.18, 7, 272.727272727273],
				[57818.18, 2, 0],
				[58000, 3, 0]
			],
			"mustHitSection": true
		},
		{
			"sectionBeats": 4,
			"sectionNotes": [
				[58181.8181818182, 4, 0],
				[58181.8181818182, 6, 0],
				[58363.6363636364, 5, 0],
				[58363.6367, 4, 0],
				[58545.4531, 7, 0],
				[58727.2734, 5, 0],
				[58818.18, 7, 0],
				[58909.09, 5, 0],
				[59090.91, 4, 0],
				[59272.7266, 5, 0],
				[59454.543, 4, 0]
			],
			"mustHitSection": false
		},
		{
			"sectionBeats": 4,
			"sectionNotes": [
				[59636.3636363637, 6, 0],
				[59818.18, 6, 0],
				[60000, 7, 0],
				[60181.8164, 6, 0],
				[60363.6367, 5, 0],
				[60545.4531, 4, 0],
				[60636.3633, 5, 0],
				[60727.2734, 4, 0],
				[60909.09, 4, 0]
			],
			"mustHitSection": false
		},
		{
			"sectionBeats": 4,
			"sectionNotes": [
				[61090.9090909091, 4, 0],
				[61090.91, 7, 0],
				[61272.7266, 7, 0],
				[61272.7272727273, 5, 0],
				[61454.543, 7, 0],
				[61454.5454545455, 6, 0],
				[61636.3633, 6, 0],
				[61727.2734, 4, 0],
				[61818.18, 6, 0],
				[62000, 4, 0],
				[62000, 7, 0],
				[62181.8164, 4, 0],
				[62181.8181818182, 5, 0],
				[62363.6363636364, 6, 0],
				[62363.6367, 4, 0]
			],
			"mustHitSection": false
		},
		{
			"sectionBeats": 4,
			"sectionNotes": [
				[62545.4545454546, 6, 0],
				[62727.2734, 7, 0],
				[62909.09, 6, 0],
				[63090.91, 4, 0],
				[63272.7266, 5, 0],
				[63454.543, 4, 0],
				[63636.3633, 6, 0],
				[63818.18, 7, 0]
			],
			"mustHitSection": false
		},
		{
			"sectionBeats": 4,
			"sectionNotes": [
				[64000, 0, 0],
				[64000, 2, 0],
				[64181.8164, 0, 0],
				[64181.8181818182, 1, 0],
				[64363.6363636364, 0, 0],
				[64363.6367, 3, 0],
				[64545.4531, 1, 0],
				[64636.3633, 3, 0],
				[64636.3636363637, 0, 0],
				[64727.2734, 1, 0],
				[64909.09, 0, 0],
				[65090.9090909091, 2, 0],
				[65090.91, 1, 0],
				[65272.7266, 0, 0],
				[65272.7272727273, 1, 0]
			],
			"mustHitSection": true
		},
		{
			"sectionBeats": 4,
			"sectionNotes": [
				[65454.5454545455, 2, 0],
				[65636.36, 2, 0],
				[65818.18, 3, 0],
				[65818.1818181819, 0, 0],
				[66000, 2, 0],
				[66181.8181818182, 2, 0],
				[66181.82, 1, 0],
				[66363.63, 0, 0],
				[66454.55, 1, 0],
				[66545.45, 0, 0],
				[66545.4545454546, 3, 0],
				[66727.27, 0, 0]
			],
			"mustHitSection": true
		},
		{
			"sectionBeats": 4,
			"sectionNotes": [
				[66909.0909090909, 3, 0],
				[66909.0909090909, 2, 0],
				[67090.9090909091, 1, 0],
				[67090.91, 3, 0],
				[67272.7272727273, 0, 0],
				[67272.73, 3, 0],
				[67454.55, 2, 0],
				[67545.45, 0, 0],
				[67636.36, 2, 0],
				[67818.18, 0, 0],
				[68000, 0, 0],
				[68181.82, 0, 0]
			],
			"mustHitSection": true
		},
		{
			"sectionBeats": 4,
			"sectionNotes": [
				[68363.6363636364, 2, 0],
				[68363.6363636364, 1, 0],
				[68545.45, 3, 0],
				[68545.4545454546, 1, 0],
				[68727.27, 2, 0],
				[68727.2727272728, 1, 0],
				[68909.09, 0, 0],
				[68909.0909090909, 1, 0],
				[69090.9090909091, 2, 0],
				[69090.91, 1, 0],
				[69272.7272727273, 2, 0],
				[69272.73, 0, 0],
				[69454.55, 2, 0],
				[69636.36, 3, 0],
				[69636.3636363637, 1, 0]
			],
			"mustHitSection": true
		},
		{
			"sectionBeats": 4,
			"sectionNotes": [
				[69818.1818181819, 2, 272.727272727273],
				[69818.1818181819, 1, 272.727272727273],
				[70000, 4, 0],
				[70181.82, 6, 181.818181818182],
				[70545.45, 7, 0],
				[70727.27, 7, 0],
				[70909.09, 5, 272.727272727273]
			],
			"mustHitSection": false
		},
		{
			"sectionBeats": 4,
			"sectionNotes": [
				[71272.73, 6, 181.818181818182],
				[71636.36, 7, 0],
				[72000, 6, 0],
				[72363.63, 4, 0],
				[72545.45, 7, 0]
			],
			"mustHitSection": false
		},
		{
			"sectionBeats": 4,
			"sectionNotes": [
				[72909.09, 4, 0],
				[73090.91, 6, 181.818181818182],
				[73454.55, 7, 0],
				[73636.36, 7, 0],
				[73818.18, 5, 272.727272727273]
			],
			"mustHitSection": false
		},
		{
			"sectionBeats": 4,
			"sectionNotes": [
				[74181.82, 4, 272.727272727273],
				[74545.45, 5, 0],
				[74909.09, 7, 0],
				[75000, 7, 0],
				[75090.91, 5, 0],
				[75272.73, 6, 0],
				[75454.55, 7, 0]
			],
			"mustHitSection": false
		},
		{
			"sectionBeats": 4,
			"sectionNotes": [
				[75818.18, 0, 0],
				[76000, 2, 181.818181818182],
				[76363.63, 3, 0],
				[76545.45, 3, 0],
				[76727.27, 1, 272.727272727273]
			],
			"mustHitSection": true
		},
		{
			"sectionBeats": 4,
			"sectionNotes": [
				[77090.91, 2, 181.818181818182],
				[77454.55, 3, 0],
				[77818.18, 2, 0],
				[78181.82, 0, 0],
				[78363.63, 3, 0]
			],
			"mustHitSection": true
		},
		{
			"sectionBeats": 4,
			"sectionNotes": [
				[78727.27, 0, 0],
				[78909.09, 2, 181.818181818182],
				[79272.73, 3, 0],
				[79454.55, 3, 0],
				[79636.36, 1, 272.727272727273]
			],
			"mustHitSection": true
		},
		{
			"sectionBeats": 4,
			"sectionNotes": [
				[80000, 0, 272.727272727273],
				[80363.63, 1, 0],
				[80727.27, 3, 0],
				[80818.18, 3, 0],
				[80909.09, 1, 0],
				[81090.91, 2, 0],
				[81272.73, 3, 0]
			],
			"mustHitSection": true
		},
		{
			"sectionBeats": 4,
			"sectionNotes": [
				[81636.36, 4, 0],
				[81727.27, 4, 0],
				[81818.18, 6, 181.818181818182],
				[82181.82, 7, 0],
				[82363.63, 7, 0],
				[82545.45, 5, 272.727272727273]
			],
			"mustHitSection": false
		},
		{
			"sectionBeats": 4,
			"sectionNotes": [
				[82909.090909091, 6, 181.818181818182],
				[83272.73, 7, 0],
				[83636.36, 6, 0],
				[84000, 4, 0],
				[84181.82, 7, 0]
			],
			"mustHitSection": false
		},
		{
			"sectionBeats": 4,
			"sectionNotes": [
				[84545.45, 4, 0],
				[84727.27, 6, 181.818181818182],
				[85090.91, 7, 0],
				[85272.73, 7, 0],
				[85454.55, 5, 272.727272727273]
			],
			"mustHitSection": false
		},
		{
			"sectionBeats": 4,
			"sectionNotes": [
				[85818.1818181819, 4, 272.727272727273],
				[86181.82, 5, 0],
				[86545.45, 7, 0],
				[86636.36, 7, 0],
				[86727.27, 5, 0],
				[86909.09, 6, 0],
				[87090.91, 7, 0]
			],
			"mustHitSection": false
		},
		{
			"sectionBeats": 4,
			"sectionNotes": [
				[87454.55, 0, 0],
				[87545.45, 0, 0],
				[87636.36, 2, 181.818181818182],
				[88000, 3, 0],
				[88181.82, 3, 0],
				[88363.63, 1, 272.727272727273]
			],
			"mustHitSection": true
		},
		{
			"sectionBeats": 4,
			"sectionNotes": [
				[88727.2727272728, 2, 181.818181818182],
				[89090.91, 3, 0],
				[89454.55, 2, 0],
				[89818.18, 0, 0],
				[90000, 3, 0]
			],
			"mustHitSection": true
		},
		{
			"sectionBeats": 4,
			"sectionNotes": [
				[90363.63, 0, 0],
				[90545.45, 2, 181.818181818182],
				[90909.09, 3, 0],
				[91090.91, 3, 0],
				[91272.73, 1, 272.727272727273]
			],
			"mustHitSection": true
		},
		{
			"sectionBeats": 4,
			"sectionNotes": [
				[91636.3636363637, 0, 272.727272727273],
				[92000, 1, 0],
				[92363.63, 3, 0],
				[92454.55, 3, 0],
				[92545.45, 1, 0],
				[92727.27, 2, 0],
				[92909.09, 3, 0]
			],
			"mustHitSection": true
		},
		{
			"sectionBeats": 4,
			"sectionNotes": [],
			"mustHitSection": true
		},
		{
			"sectionBeats": 4,
			"sectionNotes": [],
			"mustHitSection": true
		},
		{
			"sectionBeats": 4,
			"sectionNotes": [],
			"mustHitSection": true
		},
		{
			"sectionBeats": 4,
			"sectionNotes": [],
			"mustHitSection": true
		},
		{
			"sectionBeats": 4,
			"sectionNotes": [],
			"mustHitSection": true
		},
		{
			"sectionBeats": 4,
			"sectionNotes": [],
			"mustHitSection": true
		},
		{
			"sectionBeats": 4,
			"sectionNotes": [],
			"mustHitSection": true
		},
		{
			"sectionBeats": 4,
			"sectionNotes": [],
			"mustHitSection": true
		},
		{
			"sectionBeats": 4,
			"sectionNotes": [],
			"mustHitSection": true
		},
		{
			"sectionBeats": 4,
			"sectionNotes": [],
			"mustHitSection": true
		},
		{
			"sectionBeats": 4,
			"sectionNotes": [],
			"gfSection": false,
			"altAnim": false,
			"mustHitSection": true,
			"changeBPM": false,
			"bpm": 165
		},
		{
			"sectionBeats": 4,
			"sectionNotes": [],
			"gfSection": false,
			"altAnim": false,
			"mustHitSection": true,
			"changeBPM": false,
			"bpm": 165
		},
		{
			"sectionBeats": 4,
			"sectionNotes": [],
			"gfSection": false,
			"altAnim": false,
			"mustHitSection": true,
			"changeBPM": false,
			"bpm": 165
		},
		{
			"sectionBeats": 4,
			"sectionNotes": [],
			"gfSection": false,
			"altAnim": false,
			"mustHitSection": true,
			"changeBPM": false,
			"bpm": 165
		},
		{
			"sectionBeats": 4,
			"sectionNotes": [],
			"gfSection": false,
			"altAnim": false,
			"mustHitSection": true,
			"changeBPM": false,
			"bpm": 165
		},
		{
			"sectionBeats": 4,
			"sectionNotes": [],
			"gfSection": false,
			"altAnim": false,
			"mustHitSection": true,
			"changeBPM": false,
			"bpm": 165
		},
		{
			"sectionBeats": 4,
			"sectionNotes": [],
			"gfSection": false,
			"altAnim": false,
			"mustHitSection": true,
			"changeBPM": false,
			"bpm": 165
		},
		{
			"sectionBeats": 4,
			"sectionNotes": [],
			"gfSection": false,
			"altAnim": false,
			"mustHitSection": true,
			"changeBPM": false,
			"bpm": 165
		}
	],
	"gfVersion": "gf",
	"events": [
		[
			0,
			[
				["FlashScreen", "FFFFF", ""]
			]
		],
		[
			90.9090909090909,
			[
				["HideHUD", "1", ""]
			]
		],
		[
			454.545454545455,
			[
				["ProxTitle", "Blammed", "3"]
			]
		],
		[
			1129.54545454545,
			[
				["FlashScreen", "FFFFF", ""]
			]
		],
		[
			1818.18181818182,
			[
				["FlashScreen", "FFFFF", ""]
			]
		],
		[
			2909.09090909091,
			[
				["FlashScreen", "FFFFF", ""]
			]
		],
		[
			4090.90909090909,
			[
				["FlashScreen", "FFFFF", ""]
			]
		],
		[
			4818.18181818182,
			[
				["FlashScreen", "FFFFF", ""]
			]
		],
		[
			5818.18181818182,
			[
				["FlashScreen", "FFFFF", ""]
			]
		],
		[
			6672.72727272727,
			[
				["FlashScreen", "FFFFF", ""]
			]
		],
		[
			7727.27272727273,
			[
				["FlashScreen", "FFFFF", ""]
			]
		],
		[
			8727.27272727273,
			[
				["FlashScreen", "FFFFF", ""]
			]
		],
		[
			10727.2727272727,
			[
				["FlashScreen", "FFFFF", ""]
			]
		],
		[
			14727.2727272727,
			[
				["FlashScreen", "FFFFF", ""]
			]
		],
		[
			17090.9090909091,
			[
				["HideHUD", "0", ""]
			]
		],
		[
			19454.5454545455,
			[
				["FlashScreen", "FFFFF", ""]
			]
		],
		[
			24000,
			[
				["FlashScreen", "FFFFF", ""]
			]
		],
		[
			26363.6363636364,
			[
				["FlashScreen", "FFFFF", ""]
			]
		],
		[
			28727.2727272727,
			[
				["FlashScreen", "FFFFF", ""]
			]
		],
		[
			31454.5454545455,
			[
				["FlashScreen", "FFFFF", ""]
			]
		],
		[
			34000,
			[
				["FlashScreen", "FFFFF", ""]
			]
		],
		[
			37363.6363636364,
			[
				["FlashScreen", "FFFFF", ""]
			]
		],
		[
			40000,
			[
				["FlashScreen", "FFFFF", ""]
			]
		],
		[
			42818.1818181818,
			[
				["FlashScreen", "FFFFF", ""]
			]
		],
		[
			45545.4545454546,
			[
				["Change Scroll Speed", "1.7", "2.4"]
			]
		],
		[
			45727.2727272727,
			[
				["FakeMiddleScroll", "1", ""]
			]
		],
		[
			46545.4545454546,
			[
				["Philly Glow", "1", ""],
				["Philly Glow", "2", ""]
			]
		],
		[
			46727.2727272727,
			[
				["FlashScreen", "FFFFF", ""]
			]
		],
		[
			46909.0909090909,
			[
				["Add Camera Zoom", "", ""]
			]
		],
		[
			47090.9090909091,
			[
				["FlashScreen", "FFFFF", ""]
			]
		],
		[
			47272.7272727273,
			[
				["Philly Glow", "2", ""],
				["Add Camera Zoom", "", ""]
			]
		],
		[
			47454.5454545455,
			[
				["FlashScreen", "FFFFF", ""]
			]
		],
		[
			47636.3636363637,
			[
				["Philly Glow", "2", ""],
				["Add Camera Zoom", "", ""]
			]
		],
		[
			47818.1818181818,
			[
				["FlashScreen", "FFFFF", ""]
			]
		],
		[
			48000,
			[
				["Philly Glow", "1", ""]
			]
		],
		[
			48181.8181818182,
			[
				["FlashScreen", "FFFFF", ""]
			]
		],
		[
			48363.6363636364,
			[
				["Philly Glow", "2", ""],
				["Add Camera Zoom", "", ""]
			]
		],
		[
			48545.4545454546,
			[
				["FlashScreen", "FFFFF", ""]
			]
		],
		[
			48727.2727272727,
			[
				["Philly Glow", "2", ""],
				["Add Camera Zoom", "", ""]
			]
		],
		[
			48909.0909090909,
			[
				["FlashScreen", "FFFFF", ""]
			]
		],
		[
			49090.9090909091,
			[
				["Add Camera Zoom", "", ""]
			]
		],
		[
			49272.7272727273,
			[
				["FlashScreen", "FFFFF", ""]
			]
		],
		[
			49454.5454545455,
			[
				["Philly Glow", "1", ""],
				["Philly Glow", "2", ""]
			]
		],
		[
			49636.3636363637,
			[
				["FlashScreen", "FFFFF", ""]
			]
		],
		[
			49818.1818181818,
			[
				["Add Camera Zoom", "", ""]
			]
		],
		[
			50000,
			[
				["Philly Glow", "2", ""]
			]
		],
		[
			50181.8181818182,
			[
				["Philly Glow", "2", ""],
				["Add Camera Zoom", "", ""]
			]
		],
		[
			50363.6363636364,
			[
				["FlashScreen", "FFFFF", ""]
			]
		],
		[
			50545.4545454546,
			[
				["Philly Glow", "2", ""],
				["Add Camera Zoom", "", ""]
			]
		],
		[
			50727.2727272727,
			[
				["FlashScreen", "FFFFF", ""]
			]
		],
		[
			50909.0909090909,
			[
				["Philly Glow", "1", ""]
			]
		],
		[
			51090.9090909091,
			[
				["FlashScreen", "FFFFF", ""]
			]
		],
		[
			51272.7272727273,
			[
				["Philly Glow", "2", ""],
				["Add Camera Zoom", "", ""]
			]
		],
		[
			51454.5454545455,
			[
				["FlashScreen", "FFFFF", ""]
			]
		],
		[
			51636.3636363637,
			[
				["Philly Glow", "2", ""],
				["Add Camera Zoom", "", ""]
			]
		],
		[
			51818.1818181818,
			[
				["FlashScreen", "FFFFF", ""]
			]
		],
		[
			52000,
			[
				["Add Camera Zoom", "", ""]
			]
		],
		[
			52181.8181818182,
			[
				["FlashScreen", "FFFFF", ""]
			]
		],
		[
			52363.6363636364,
			[
				["Philly Glow", "1", ""],
				["Philly Glow", "2", ""]
			]
		],
		[
			52545.4545454546,
			[
				["FlashScreen", "FFFFF", ""]
			]
		],
		[
			52727.2727272727,
			[
				["Add Camera Zoom", "", ""]
			]
		],
		[
			52909.0909090909,
			[
				["FlashScreen", "FFFFF", ""]
			]
		],
		[
			53090.9090909091,
			[
				["Philly Glow", "2", ""],
				["Add Camera Zoom", "", ""]
			]
		],
		[
			53272.7272727273,
			[
				["FlashScreen", "FFFFF", ""]
			]
		],
		[
			53454.5454545455,
			[
				["Philly Glow", "2", ""],
				["Add Camera Zoom", "", ""]
			]
		],
		[
			53636.3636363637,
			[
				["FlashScreen", "FFFFF", ""]
			]
		],
		[
			53818.1818181818,
			[
				["Philly Glow", "1", ""]
			]
		],
		[
			54000,
			[
				["FlashScreen", "FFFFF", ""]
			]
		],
		[
			54181.8181818182,
			[
				["Philly Glow", "2", ""],
				["Add Camera Zoom", "", ""]
			]
		],
		[
			54363.6363636364,
			[
				["FlashScreen", "FFFFF", ""]
			]
		],
		[
			54545.4545454546,
			[
				["Philly Glow", "2", ""],
				["Add Camera Zoom", "", ""]
			]
		],
		[
			54727.2727272728,
			[
				["FlashScreen", "FFFFF", ""]
			]
		],
		[
			54909.0909090909,
			[
				["Add Camera Zoom", "", ""]
			]
		],
		[
			55090.9090909091,
			[
				["FlashScreen", "FFFFF", ""]
			]
		],
		[
			55272.7272727273,
			[
				["Philly Glow", "1", ""],
				["Philly Glow", "2", ""]
			]
		],
		[
			55636.3636363637,
			[
				["Add Camera Zoom", "", ""]
			]
		],
		[
			55818.1818181818,
			[
				["Philly Glow", "2", ""]
			]
		],
		[
			56000,
			[
				["Philly Glow", "2", ""],
				["Add Camera Zoom", "", ""]
			]
		],
		[
			56181.8181818182,
			[
				["Camera Follow Pos", "570", "550"],
				["Set Property", "defaultCamZoom", "1.22"],
				["Set Property", "cameraSpeed", "2"]
			]
		],
		[
			56363.6363636364,
			[
				["Philly Glow", "2", ""],
				["Add Camera Zoom", "", ""],
				["Camera Follow Pos", "570", "520"]
			]
		],
		[
			56727.2727272728,
			[
				["Philly Glow", "1", ""]
			],
			[
				["Camera Follow Pos", "600", "490"]
			]
		],
		[
			56909.0909090909,
			[
				["FlashScreen", "FFFFF", ""]
			]
		],
		[
			57090.9090909091,
			[
				["Philly Glow", "2", ""],
				["Add Camera Zoom", "", ""]
			]
		],
		[
			57272.7272727273,
			[
				["Camera Follow Pos", "630", "520"]
			]
		],
		[
			57454.5454545455,
			[
				["Philly Glow", "2", ""],
				["Add Camera Zoom", "", ""],
				["Camera Follow Pos", "600", "490"]
			]
		],
		[
			57818.1818181818,
			[
				["Add Camera Zoom", "", ""],
				["Set Property", "defaultCamZoom", "1.05"],
				["Camera Follow Pos", "630", "520"]
			]
		],
		[
			58181.8181818182,
			[
				["Philly Glow", "1", ""],
				["Philly Glow", "2", ""],
				["Camera Follow Pos", "", ""],
				["Set Property", "cameraSpeed", "1"]
			]
		],
		[
			58212.1212121212,
			[
				["FlashScreen", "FFFFF", ""]
			]
		],
		[
			58545.4545454546,
			[
				["Add Camera Zoom", "", ""]
			]
		],
		[
			58909.0909090909,
			[
				["Philly Glow", "2", ""],
				["Add Camera Zoom", "", ""]
			]
		],
		[
			59272.7272727273,
			[
				["Philly Glow", "2", ""],
				["Add Camera Zoom", "", ""]
			]
		],
		[
			59363.6363636364,
			[
				["FlashScreen", "FFFFF", ""]
			]
		],
		[
			59636.3636363637,
			[
				["Philly Glow", "1", ""]
			]
		],
		[
			60000,
			[
				["Philly Glow", "2", ""],
				["Add Camera Zoom", "", ""]
			]
		],
		[
			60363.6363636364,
			[
				["Philly Glow", "2", ""],
				["Add Camera Zoom", "", ""]
			]
		],
		[
			60545.4545454546,
			[
				["FlashScreen", "FFFFF", ""]
			]
		],
		[
			60727.2727272728,
			[
				["Add Camera Zoom", "", ""]
			]
		],
		[
			61090.9090909091,
			[
				["Philly Glow", "1", ""],
				["Philly Glow", "2", ""]
			]
		],
		[
			61454.5454545455,
			[
				["Add Camera Zoom", "", ""]
			]
		],
		[
			61636.3636363637,
			[
				["Philly Glow", "2", ""]
			]
		],
		[
			61818.1818181819,
			[
				["Philly Glow", "2", ""],
				["Add Camera Zoom", "", ""]
			]
		],
		[
			62000,
			[
				["FlashScreen", "FFFFF", ""]
			]
		],
		[
			62181.8181818182,
			[
				["Philly Glow", "2", ""],
				["Add Camera Zoom", "", ""]
			]
		],
		[
			62545.4545454546,
			[
				["Philly Glow", "1", ""]
			]
		],
		[
			62909.0909090909,
			[
				["Philly Glow", "2", ""],
				["Add Camera Zoom", "", ""]
			]
		],
		[
			63272.7272727273,
			[
				["Philly Glow", "2", ""],
				["Add Camera Zoom", "", ""]
			]
		],
		[
			63454.5454545455,
			[
				["FlashScreen", "FFFFF", ""]
			]
		],
		[
			63636.3636363637,
			[
				["Add Camera Zoom", "", ""]
			]
		],
		[
			64000,
			[
				["Philly Glow", "1", ""],
				["Philly Glow", "2", ""]
			]
		],
		[
			64363.6363636364,
			[
				["Add Camera Zoom", "", ""]
			]
		],
		[
			64545.4545454546,
			[
				["FlashScreen", "FFFFF", ""]
			]
		],
		[
			64727.2727272728,
			[
				["Philly Glow", "2", ""],
				["Add Camera Zoom", "", ""]
			]
		],
		[
			64909.0909090909,
			[
				["FlashScreen", "FFFFF", ""]
			]
		],
		[
			65090.9090909091,
			[
				["Philly Glow", "2", ""],
				["Add Camera Zoom", "", ""]
			]
		],
		[
			65272.7272727273,
			[
				["FlashScreen", "FFFFF", ""]
			]
		],
		[
			65454.5454545455,
			[
				["Philly Glow", "1", ""]
			]
		],
		[
			65636.3636363637,
			[
				["FlashScreen", "FFFFF", ""]
			]
		],
		[
			65818.1818181819,
			[
				["Philly Glow", "2", ""],
				["Add Camera Zoom", "", ""]
			]
		],
		[
			66000,
			[
				["FlashScreen", "FFFFF", ""]
			]
		],
		[
			66181.8181818182,
			[
				["Philly Glow", "2", ""],
				["Add Camera Zoom", "", ""]
			]
		],
		[
			66363.6363636364,
			[
				["FlashScreen", "FFFFF", ""]
			]
		],
		[
			66545.4545454546,
			[
				["Add Camera Zoom", "", ""]
			]
		],
		[
			66727.2727272728,
			[
				["FlashScreen", "FFFFF", ""]
			]
		],
		[
			66909.0909090909,
			[
				["Philly Glow", "1", ""],
				["Philly Glow", "2", ""]
			]
		],
		[
			67090.9090909091,
			[
				["FlashScreen", "FFFFF", ""]
			]
		],
		[
			67272.7272727273,
			[
				["Add Camera Zoom", "", ""]
			]
		],
		[
			67454.5454545455,
			[
				["Philly Glow", "2", ""]
			]
		],
		[
			67636.3636363637,
			[
				["Philly Glow", "2", ""],
				["Add Camera Zoom", "", ""]
			]
		],
		[
			67818.1818181819,
			[
				["FlashScreen", "FFFFF", ""]
			]
		],
		[
			68000,
			[
				["Philly Glow", "2", ""],
				["Add Camera Zoom", "", ""]
			]
		],
		[
			68181.8181818182,
			[
				["FlashScreen", "FFFFF", ""]
			]
		],
		[
			68363.6363636364,
			[
				["Philly Glow", "1", ""]
			]
		],
		[
			68545.4545454546,
			[
				["FlashScreen", "FFFFF", ""]
			]
		],
		[
			68727.2727272728,
			[
				["Philly Glow", "2", ""],
				["Add Camera Zoom", "", ""]
			]
		],
		[
			68909.0909090909,
			[
				["FlashScreen", "FFFFF", ""]
			]
		],
		[
			69090.9090909091,
			[
				["Philly Glow", "2", ""],
				["Add Camera Zoom", "", ""]
			]
		],
		[
			69363.6363636364,
			[
				["Change Scroll Speed", "1", "0.29"]
			]
		],
		[
			69454.5454545455,
			[
				["Add Camera Zoom", "", ""]
			]
		],
		[
			69818.1818181819,
			[
				["Philly Glow", "0", ""]
			]
		],
		[
			69821.9696969697,
			[
				["FakeMiddleScroll", "0", ""]
			]
		],
		[
			69825.7575757576,
			[
				["FlashScreen", "FFFFF", ""]
			]
		],
		[
			92905.3030303031,
			[
				["FlashScreen", "FFFFF", ""]
			]
		],
		[
			92909.090909091,
			[
				["HideHUD", "1", ""]
			]
		]
	],
	"song": "Blammed",
	"needsVoices": true,
	"stage": "philly",
	"format": "psych_v1_convert",
	"speed": 2.3,
	"bpm": 165
}